
INSERT INTO alumnos VALUES
('00001','Carla Yeni','Mata','Buenrostro','Femenino','6','2018-03-06','Juan Ojeda Robles','166','Buena Vista','22587','MABC180306MSRTNR887',''),
('00002','Gabriel','Aguilera','Nava','Masculino','5','2018-11-30','Mocorito','330','Hipódromo','22147','AANG181130HQTGVB862',''),
('00003','Emilia','Loera','Marchena','Femenino','5','2018-11-23','Fresnillo','327','Cacho','22436','LOME181123MTSRRM783','74857114124'),
('00005','Jorge Luis','Jiménez','Alejandro','Masculino','6','2018-04-04','Mutualismo','187','Centro','22436','JIAJ180404HDFMLR707',''),
('00006','Isabel','Baca','Paz','Femenino','5','2018-12-11','Castillo de Chapultepec','124','Tomás Aquino','22410','BAPI181211MTLCZS850',''),
('00007','Ariadna','Andrade','Perea','Femenino','6','2017-10-29','Prol. Paseo de los Héroes','259','20 de Noviembre','22310','AAPA171029MSLNRR856','65946166955'),
('00008','Marcos','Briones','Olmos','Masculino','7','2017-07-16','Del Parral','314','Chapultepec','22165','BIOM170716HBCRLR689','73698509977'),
('00009','Benjamín','Saldaña','Domínguez','Masculino','6','2018-02-22','Martín Careaga','157','Los Altos','22987','SADB180222HNLLMN852','34479898899'),
('00012','Cristina','Madueño','Noriega','Femenino','6','2018-01-12','Luis Moya','250','Libertad','22486','MANC180112MYNDRR805',''),
('00025','Nelly','Estrada','Paz','Femenino','7','2017-06-11','San Francisco','343','Las Palmas','22568','EEPN170611MJCSZL734','41838864279'),
('00026','Esmeralda Soledad','Palencia','Pizarro','Femenino','7','2016-09-03','Del Parral','235','Chapultepec','22486','PAPE160903MMSLZS672',''),
('00027','César','Romero','Ceballos','Masculino','7','2016-07-30','Álamo','229','Aeropuerto','22367','ROCC160730HQRMBS730','66794452028'),
('00028','Alfonso','del Valle','Guerrero','Masculino','7','2017-07-22','Brasil','244','Cacho','22568','DEGA170722HBSLRL853',''),
('00029','Miriam','Guillen','Espinoza','Femenino','8','2016-03-08','Iztacihuatl','459','La Sierra','22307','GUEM160308MCHLSR788','62822860805'),
('00032','Itzel','Villareal','Meza','Femenino','7','2017-02-26','Juan Álvarez','321','Tomás Aquino','22540','VIMI170226MVZLZT662','25042225644'),
('00034','Leonor','Terracina','Baca','Femenino','6','2017-10-31','Ensenada','294','Cacho','22365','TEBL171031MSLRCN785',''),
('00036','Hugo Diego','Carmona','Meza','Masculino','7','2016-12-15','Del Parral','268','Chapultepec','22504','CAMH161215HCSRZG859',''),
('00049','Santiago','Montiel','Ozuna','Masculino','7','2016-10-05','Colina Azul','351','Aguacaliente','22951','MOOS161005HPLNZN893','24180390151'),
('00050','Antonia','Piña','Burkenroad','Femenino','9','2015-06-23','Fernando','267','Las Palmas','22436','PIBA150623MBCNRN825',''),
('00052','Rubén Renato','Salcedo','Chacón','Masculino','8','2016-03-22','Cerro Alto','463','Hipódromo','22004','SACR160322HNLLHB681',''),
('00053','Maximiliano','Mena','Méndez','Masculino','7','2016-10-20','Iturbide','112','Gabilondo','22854','MEMM161020HVZNNX820',''),
('00054','Bianca','Perea','Monsiváis','Femenino','7','2016-10-07','Porfirio Díaz','135','Juárez','22496','PEMB161007MGTRNN680','36130761796'),
('00055','José Eduardo','Gracia','Guerra','Masculino','9','2015-04-30','Churubusco','307','Tomás Aquino','22149','GAGJ150430HSPRRS671',''),
('00056','Mario','Balderas','Cervántez','Masculino','8','2016-07-15','Luis Moya','199','Libertad','22034','BACM160715HCCLRR751',''),
('00057','Liliana','Estrada','Rodríguez','Femenino','9','2015-06-18','Villagrán','331','Madero Sur','22149','EERL150618MTSSDL847',''),
('00058','Luis Manuel','Andrade','Perea','Masculino','8','2015-12-05','Prol. Paseo de los Héroes','259','20 de Noviembre','22310','AAPL151205HCLNRS809',''),
('00059','Ernesto ','Angulo ','Ayala ','Masculino','8','2016-07-05','De las Brisas ','249','Altabrisa ','22146','AAAE160705HHGNYR703',''),
('00073','Patricio','Luna','Madrid','Masculino','9','2015-04-07','General Anaya','266','Tomás Aquino','22493','LUMP150407HASNDT786',''),
('00076','Esther','Giménez','Limón','Femenino','9','2015-01-08','De las Lomas','369','Buena Vista','22398','GILE150108MJCMMS667',''),
('00077','Sandra','Estrada','Hernández','Femenino','8','2015-08-31','Popocatépetl','414','Colinas del Rey','22390','EEHS150831MJCSRN883',''),
('00078','Eugenio','Montalvo','Solís','Masculino','9','2015-07-25','Club 20-30','138','Juárez','22457','MOSE150725HNTNLG674',''),
('00079','Iván','Marroquín','Abundiz','Masculino','10','2014-06-20','Manuel Oviedo','252','Libertad','22789','MAAI140620HOCRBV893',''),
('00080','Jerónimo','Tapia','Ontiveros','Masculino','9','2015-03-27','Rafael Mangio','204','Juárez','22987','TAOJ150327HSPPNR804','52526719044'),
('00081','Esmeralda Abril','Ayala','Villanueva','Femenino','10','2014-04-21','Del Parral','181','Chapultepec','22789','AAVE140421MNLYLS880',''),
('00082','Clara Carmen','Leiva','Oropeza','Femenino','9','2015-06-01','Fresnillo','381','Cacho','22074','LEOC150601MSLVRL651','94222256579'),
('00083','Germán','Gómez','Carbajal','Masculino','9','2014-09-18','San Francisco','230','Las Palmas','22147','GOCG140918HTCMRR897',''),
('00084','Matías','Quiñones','Esquivias','Masculino','8','2015-08-13','Cajeme','243','Sonora','22165','QUEM150813HYNNST866','86014122866'),
('00099','Gerardo','Cantú','Bañuelos','Masculino','9','2014-10-30','De Maltrata','193','Cumbres de Juárez','22384','CABG141030HCMNNR685','91630326364'),
('00100','Yolanda María del Carmen','Loera','Marchena','Femenino','11','2013-05-01','Fresnillo','327','Cacho','22436','LOMY130501MYNRRL737',''),
('00101','Javier','Lara','Mojica','Masculino','11','2013-04-28','Padre Kino','326','Soler','22367','LAMJ130428HQTRJV720',''),
('00102','Clemente Martín','Santillán','Izquierdo','Masculino','11','2013-03-25','De los Ángeles','340','Las Palmas','22568','SAIC130325HSLNZL731','23302468046'),
('00103','Carlos Ramón','Bañuelos','Barela','Masculino','9','2014-12-02','Colina Azul','410','Aguacaliente','22307','BABC141202HASNRR700','77506656157'),
('00104','Adán Josue','Cabrera','Cifuentes','Masculino','10','2013-09-12','Córcega','249','Colinas del Rey','22384','CACA130912HGRBFD689',''),
('00105','Helena','Quesada','Romo','Femenino','10','2014-05-04','Comonfort','202','Gabilondo','22484','QURH140504MTSSML744','12337149432'),
('00107','Hilda','Delgadillo','Caballero','Femenino','10','2013-08-24','De las Ferias','293','Hipódromo','22165','DECH130824MSPLBL821',''),
('00108','Rafaél','Ramírez','Ceja','Masculino','9','2014-11-21','De las Américas','296','Buena Vista','22789','RACR141121HTCMJF713',''),
('00121','Javier','Cabrera','Esqueda','Masculino','11','2012-12-07','De las Américas','349','Buena Vista','22789','CAEJ121207HHGBSV792','21804622887'),
('00122','Rosa Frida','Santillán','Izquierdo','Femenino','10','2013-08-18','De los Ángeles','340','Las Palmas','22568','SAIR130818MCCNZS771','41105772284'),
('00124','Miguel Cristian','Castro','Lerma','Masculino','11','2013-07-13','Popocatépetl','468','Colinas del Rey','22901','CALM130713HJCSRG663','30562702747'),
('00125','María Teresa','Santacruz','Fernández','Femenino','10','2013-11-08','De Maltrata','458','Cumbres de Juárez','22009','SAFM131108MGRNRR800',''),
('00126','Marisol','Vigil','Cabrales','Femenino','10','2013-08-11','Tetecala','165','Morelos','22398','VICM130811MGTGBR667',''),
('00127','Salma Laura','Álvarez','Curiel','Femenino','11','2013-04-08','Colina Azul','242','Aguacaliente','22074','AACS130408MNTLRL905','37438276723'),
('00128','Blanca Socorro','Sanches','Ibarra','Femenino','11','2013-05-03','Navojoa','221','Sonora','22360','SAIB130503MBSNBL659','20225967948'),
('00129','María Cristina','Gómez','Castro','Femenino','12','2012-07-25','Arias Bernal','270','Centro','22568','GOCM120725MNEMSR876',''),
('00130','Eva','Cárdenas','Macías','Femenino','10','2013-11-18','Mina','172','Hipódromo','22147','CAME131118MQTRCV905',''),
('00131','Ivonne','Ramos','Contreras','Femenino','10','2013-11-20','Adolfo Ruiz Cortínez','321','Aeropuerto','22074','RACI131120MCSMNV742',''),
('00145','María','Melgar','Treviño','Femenino','11','2012-08-24','Juan Ojeda Robles','258','Buena Vista','22147','METM120824MTCLRR798',''),
('00146','Salvador','García','Vega','Masculino','13','2011-04-26','Manuel Doblado','336','Gabilondo','22784','GAVS110426HPLRGL697',''),
('00147','Óscar','Iglesias','Báez','Masculino','13','2011-01-30','Santa María','268','Gabilondo','22487','IIBO110130HDFGZS895','15877050288'),
('00148','Felipe','Tirado','Rivas','Masculino','11','2012-12-26','González Ortega','383','Centro','22587','TIRF121226HJCRVL891','77937096724'),
('00149','Soledad','Zarate','Ramírez','Femenino','12','2011-07-29','Santa María','175','Gabilondo','22147','ZARS110729MCMRML713',''),
('00151','Isabel','Hidalgo','de la Rosa','Femenino','12','2011-11-18','Caracas','351','El Paraíso','22568','HIDI111118MNEDS718','62277447184'),
('00152','Ramiro','Guillen','Espinoza','Masculino','12','2011-11-18','Iztacihuatl','459','La Sierra','22307','GUER111118HNELSM660','66321643346'),
('00153','Alex','Uribe','Cardenas','No binario','13','2011-01-27','Topo Grande','359','Laderas de Monterrey','22384','UUCA110127XBSRRL885','57826283410'),
('00156','Rebeca','Bahena','Manzanarez','Femenino','12','2012-05-08','Sacramento','368','Las Palmas','22856','BAMR120508MTCHNB802','93732636164'),
('00169','María José','Rangel','Zarate','Femenino','14','2010-01-17','Adolfo Ruiz Cortínez','211','Aeropuerto','22564','RAZJ100117MOCNRS722',''),
('00170','Blanca','Rosas','Puentes','Femenino','12','2011-08-18','Juan Ojeda Robles','250','Buena Vista','22564','ROPB110818MSPSNL826',''),
('00171','Ivonne','Escobar','Osuna','Femenino','13','2011-04-26','Popocatépetl','219','Colinas del Rey','22436','EEOI110426MASSSV728',''),
('00172','Armando','Bétancourt','Salas','Masculino','12','2011-12-02','San Pedro','330','Ermita','22587','BESA111202HJCTLR766',''),
('00174','Vicente','Malacara','Ruvalcaba','Masculino','12','2011-09-20','Alcalá','378','Ermita','22457','MARV110920HDFLVC663','36847652543'),
('00175','Isaac Miguel','Baca','Paz','Masculino','13','2011-01-15','Castillo de Chapultepec','124','Tomás Aquino','22410','BAPI110115HTCCZS805',''),
('00176','Jesús','Alatriste','Correa','Masculino','13','2011-04-28','Juan Ojeda Robles','277','Buena Vista','22987','AACJ110428HCHLRS826',''),
('00177','Leticia','Machado','Montero','Femenino','12','2011-09-15','Ciprés','339','Gabilondo','22365','MAML110915MNTCNT741','73596730048'),
('00179','Dulce María','García','Vega','Femenino','13','2011-01-17','Manuel Doblado','336','Gabilondo','22784','GAVM110117MBCRGR784','17937905158'),
('00180','Angélica Nayelli','Vigil','Cabrales','Femenino','13','2011-05-23','Tetecala','165','Morelos','22398','VICA110523MSRGBN867','14744100373'),
('00193','Helena','Jaramillo','Gallardo','Femenino','13','2010-11-12','Las Palmas','208','Las Palmas','22654','JAGH101112MCMRLL762','85927080564'),
('00194','Olga','Terrazas','Viruega','Femenino','14','2010-04-22','Tepic','395','Hipódromo','22587','TEVO100422MSLRRL869',''),
('00195','Amador Raúl','Echeverría','Bernal','Masculino','14','2010-05-29','Mocorito','242','Hipódromo','22984','EEBA100529HTSCRM688','91051258972'),
('00197','Alonso Cornelio','Vargas','Valadez','Masculino','13','2010-12-23','Misión de La Paz','314','Zona Río','22184','VAVA101223HTCRLL654',''),
('00199','Eugenio','Valencia','de la Crúz','Masculino','15','2009-07-14','Manuel Contreras','394','Libertad','22165','VADE090714HBSLG708',''),
('00200','Francisco Javier','Valle','Esquer','Masculino','15','2009-01-17','San Francisco de Asís','225','Ermita','22486','VAEF090117HOCLSR768',''),
('00201','Amelia','Ramos','Contreras','No binario','13','2010-07-29','Adolfo Ruiz Cortínez','321','Aeropuerto','22074','RACA100729XQRMNM687',''),
('00202','Marisol Guadalupe','Contreras','Chavarría','Femenino','13','2010-10-15','Corona','192','Juárez','22856','COCM101015MASNHR836',''),
('00203','Julio César','Osorio','Montaño','Masculino','14','2010-05-07','De las Flores','109','20 de Noviembre','22487','OOMJ100507HQTSNL742','16814640252'),
('00204','Rebeca Irma','Ortiz','Botello','Femenino','14','2010-07-12','La Malinche','259','Gabilondo','22568','OOBR100712MJCRTB683',''),
('00217','Zoé','Carmona','Herrera','Masculino','14','2009-12-10','Tarahumara','297','Cumbres de Juárez','22540','CAHZ091210HQRRRX886','70701766720'),
('00218','Silvia ','Núñez','Gómez','Femenino','15','2009-05-26','Ingenieros Civiles','352','Chapultepec','22398','NUGS090526MBCNML747','61724086995'),
('00219','Daniel','Mena','Méndez','Masculino','15','2009-02-09','Iturbide','112','Gabilondo','22854','MEMD090209HCMNNN849','74179772991'),
('00222','Lourdes Pilar','Franco','Díaz','Femenino','14','2009-08-20','San Isidro','329','Las Palmas','22540','FADL090820MTLRZR827','53763317086'),
('00223','Leticia Isabela','Gamez','Estrada','Femenino','16','2008-04-23','Sierra de Juárez','288','Cumbres de Juárez','22694','GAEL080423MBSMST737',''),
('00225','Julio','Zepeda','Terán','Masculino','15','2009-02-15','Gabriel Hernández','369','Libertad','22436','ZETJ090215HASPRL842',''),
('00227','María José','Bautista','Martínez','Femenino','15','2009-07-22','Colina Azul','239','Aguacaliente','22954','BAMJ090722MTLTRS681',''),
('00228','Ignacio','Rincón','Montaño','Masculino','15','2009-03-18','De las Flores','109','20 de Noviembre','22487','RIMI090318HPLNNG841','22409448249'),
('00289','Jose Ramón','Lugo','Sola','Masculino','5','2019-05-08','Brasil','271','Cacho','22149','LUSJ190508HNEGLS739',''),
('00290','Ana','Gamboa','Miramontes','Femenino','5','2019-05-12','De las Américas','178','El Paraíso','22568','GAMA190512MBCMRN831',''),
('00291','Bianca Maria','Ramos','García','Femenino','5','2019-05-21','del Obispado','204','Laderas de Monterrey','22384','RAGM190521MGTMRR834',''),
('00293','Guillermo Víctor','Jorge','Arias','Masculino','6','2018-03-03','General Anaya','385','Tomás Aquino','22310','JOAG180303HQRRRL699',''),
('00294','Cristian Ángel','Green','Cedillo','Masculino','4','2019-10-04','Romano','315','Ermita','22564','GECC191004HGRRDR713','32403653330'),
('00296','Rosalia','Alfaro','Canales','Femenino','5','2019-05-18','Jesús Clark','174','Chapultepec','22365','AACR190518MCCLNS856','67806215956'),
('00297','Cristina','Naranjo','Nieto','Femenino','4','2019-10-25','Misión de La Paz','294','Zona Río','22147','NANC191025MZSRTR650',''),
('00299','Araceli','Montalvo','Solís','Femenino','5','2019-03-29','Club 20-30','138','Juárez','22457','MOSA190329MSPNLR745',''),
('00300','Arturo Elías','Baca','Paz','Masculino','6','2018-07-23','Castillo de Chapultepec','124','Tomás Aquino','22410','BAPA180723HNLCZR750','27744873949'),
('00338','Carlos','Colón','Ramírez','Masculino','4','2020-01-05','Comonfort','385','Gabilondo','22310','CORC200105HBSLMR892',''),
('00339','Claudio','Concepción','Macías','Masculino','4','2020-04-05','Juan Ojeda Robles','267','Buena Vista','22365','COMC200405HSLNCL693','68031199494'),
('00340','Itzel Daniela','García','Vega','No binario','5','2019-03-14','Manuel Doblado','336','Gabilondo','22784','GAVI190314XCHRGT682','71589627383'),
('00341','Ramiro Víctor','Fernández','Reséndez','Masculino','4','2020-07-04','Lomas Campestre','301','Aguacaliente','22146','FERR200704HCCRSM861','46245080981'),
('00342','Patricia','Lucero','Macías','Femenino','4','2020-02-24','Iturbide','207','Calete','22697','LUMP200224MQRCCT815','29149331868'),
('00343','Lilia','Ornelas','Patiño','Femenino','3','2020-09-14','Las Palmas','210','Las Palmas','22484','OOPL200914MBSRTL781','80188075217'),
('00344','Elsa Lorena','Villareal','Meza','Femenino','3','2020-08-25','Juan Álvarez','321','Tomás Aquino','22540','VIME200825MVZLZL858',''),
('00345','Dulce','Quintana','Cuesta','Femenino','4','2020-01-27','Citlaltepec','299','La Sierra','22568','QUCD200127MBCNSL838',''),
('00346','Alvaro','Palencia','Pizarro','Masculino','4','2019-11-26','Del Parral','235','Chapultepec','22486','PAPA191126HCMLZL786',''),
('00347','Alvaro','Castro','Curiel','Masculino','5','2019-01-06','La Habana','378','El Paraíso','22540','CACA190106HCHSRL821',''),
('00348','Leonor','Saldaña','Domínguez','Femenino','4','2020-06-24','Martín Careaga','157','Los Altos','22987','SADL200624MGRLMN740',''),
('00349','Juan Carlos','Moya','Cornejo','Masculino','5','2019-05-30','Coronado','322','Hipódromo','22547','MOCJ190530HNLYRN742','')

INSERT INTO tutores VALUES
('1','Filipa Andrea','Buenrostro','Curiel','filipa.buenrostro@example.com','BUCF7210213II','Madre'),
('2','Jacqueline Mariana','Nava','Ortega','jacqueline.nava@example.com','NAOJ7906042GM','Madre'),
('3','Liliana Valeria','Marchena','Sández','liliana.marchena@example.com','MASL870908T56','Madre'),
('5','Santiago','Jiménez','Cázares','santiago.jimenez@example.com','JICS681028P3C','Padre'),
('6','Ana Gabriela','Paz','Alanís','anagabriela.paz@example.com','PAAA731125O6S','Madre'),
('7','Amaranta','Perea','Castañeda','amaranta.perea@example.com','PECA6904204PB','Madre'),
('8','María del Pilar','Olmos','Barajas','pilar.olmos@example.com','OOBM810807881','Madre'),
('9','Maribel','Domínguez','Gasca','maribel.dominguez@example.com','DOGM680815BIH','Madre'),
('12','Javier','Madueño','Vaca','javier.madueno@example.com','MAVJ860308M68','Padre'),
('13','Matías','Gómez','López','matias.gomez@example.com','GOLM6701073RT','Padre'),
('18','Christina','Burkenroad','Del Prado','christina.burkenroad@example.com','BUDC910130UOC','Madre'),
('23','Matías','Uribe','Gasca','matias.uribe@example.com','UUGM811111HD7','Padre'),
('28','Jeremías','Estrada','López','jeremias.estrada@example.com','EELJ721221XNG','Padre'),
('29','Francisca Ana','Paz','Vega','francisca.paz@example.com','PAVF781229KDW','Madre'),
('30','Juan Francisco','Palencia','Franco','juan.palencia@example.com','PAFJ700115O1J','Padre'),
('31','Isaías','Romero','Casián','isaias.romero@example.com','ROCI951005Q0K','Padre'),
('32','Carolina','Guerrero','Meza','carolina.guerrero@example.com','GUMC661111WYQ','Madre'),
('33','Vanessa','Espinoza','Higuera','vanessa.espinoza@example.com','EEHV830109PSZ','Madre'),
('36','Karen Mariana','Meza','Sánchez','karen.meza@example.com','MESK760211KCJ','Madre'),
('38','Mauricio','Terracina','Garcés','mauricio.terracina@example.com','TEGM760902E7G','Padre'),
('40','Natalia','Meza','Valdez','natalia.meza@example.com','MEVN701112LPL','Madre'),
('43','Salvador','Carmona','Solís','salvador.carmona@example.com','CASS7807080E7','Padre'),
('44','Jorge','Cantú','Talamantes','jorge.cantu@example.com','CATJ680603WNN','Padre'),
('52','Gonzalo','Montiel','Molina','gonzalo.montiel@example.com','MOMG9605254XK','Padre'),
('54','Romel','Salcedo','Paz','romel.salcedo@example.com','SAPR760912QYL','Padre'),
('55','Aleyda','Méndez','Murillo','aleyda.mendez@example.com','MEMA651007M16','Madre'),
('56','Desiree','Monsiváis','Arcos','desiree.monsivais@example.com','MOAD890519FBN','Madre'),
('57','Ana Rosa','Guerra','Hernández','anarosa.guerra@example.com','GUHA840212UKW','Madre'),
('58','Lionel','Balderas','Zambrano','lionel.balderas@example.com','BAZL880423M6U','Padre'),
('59','Ramona','Rodríguez','Del Lago','ramona.rodriguez@example.com','RODR6712246CA','Madre'),
('60','Mariela','Ayala','Crespo','mariela.ayala@example.com','AACM69032386G','Madre'),
('70','Raúl','Lara','Rodríguez','raul.lara@example.com','LARR870130B19','Padre'),
('71','Patricia','Esquivias','Robledo','patricia.esquivias@example.com','EERP660705ZS1','Madre'),
('75','Braulio','Luna','Gómez','braulio.luna@example.com','LUGB880201MP4','Padre'),
('78','Gilberto','Giménez','Prado','gilberto.gimenez@example.com','GIPG781125HHC','Padre'),
('79','Juan Pablo Ángel','Estrada','Juárez','juanpablo.estrada@example.com','EEJJ75031389S','Padre'),
('80','Daniela','Solís','Valdez','daniela.solis@example.com','SOVD9409064SB','Madre'),
('81','Dulce Gabriela','Cervantes','Sánchez','dulcegabriela.cervantes@example.com','CESD710331ZC6','Madre'),
('82','Diana Gabriela','Abundiz','Estudillo','diana.abundiz@example.com','AAED930804WF8','Madre'),
('83','Nahum','Tapia','Fernández','nahum.tapia@example.com','TAFN92062527G','Padre'),
('84','Marcos','Ayala','Valencia','marcos.ayala@example.com','AAVM650204UIT','Padre'),
('85','Evelia','Oropeza','Meza','evelia.oropeza@example.com','OOME690110D13','Madre'),
('90','Benjamín','Valencia','Galindo','benjamin.valencia@example.com','VAGB730122ZGC','Padre'),
('92','Rebeca','Bernal','Alcaraz','rebeca.bernal@example.com','BEAR76082738S','Madre'),
('96','Ana Guillermina','Estrada','Soto','ana.guillermina.estrada@example.com','EESA731115ZAC','Madre'),
('99','Nuria','Izquierdo','Güemez','nuria.izquierdo@example.com','IIGN65010221B','Madre'),
('100','Osvaldo','Sánchez','Ibarra','osvaldo.sanchez@example.com','SAIO980107CUW','Padre'),
('101','Felipe Gabriel','Bañuelos','Estrada','felipegabriel.banuelos@example.com','BAEF800816KN7','Padre'),
('102','Ana Lourdes','Cifuentes','Fernández','analourdes.cifuentes@example.com','CIFA780911G2S','Madre'),
('103','Alexia Lizeth','Romo','Sepúlveda','alexia.romo@example.com','ROSA851108E8B','Madre'),
('105','Diego Alonso','Delgadillo','Suárez','diego.delgadillo@example.com','DESD9402109EB','Padre'),
('106','Nicolás','Ramírez','Ceseña','nicolas.ramirez@example.com','RACN980719A2B','Padre'),
('110','Nadia ','Viruega','Díaz','nadia.viruega@example.com','VIDN8507224N2','Madre'),
('118','Jennifer Olivia','Montero','Escobar','jennifer.montero@example.com','MOEJ9903257L0','Madre'),
('119','Manuel','Machado','Esquer','manuel.machado@example.com','MAEM690925Z36','Padre'),
('120','Mariana Inés','Esqueda','Osuna','mariana.esqueda@example.com','EEOM8904289KN','Madre'),
('122','Israel','Castro','Pérez','israel.castro@example.com','CAPI890105HF5','Padre'),
('123','Silvia','Fernández','Ormeño','silvia.fernandez@example.com','FEOS741007I51','Madre'),
('124','Arely','Cabrales','Zazueta','arely.cabrales@example.com','CAZA871123NVR','Madre'),
('125','Estefanía','Curiel','Horta','estefania.curiel@example.com','CUHE670722B1O','Madre'),
('126','Julián','Álvarez','Macías','julian.alvarez@example.com','AAMJ000101T0X','Padre'),
('127','María Paola','Ibarra','Llano','mariapaola.ibarra@example.com','IILM8007219UB','Madre'),
('128','Ana Fernanda','Castro','Domínguez','anafernanda.castro@example.com','CADA770126QI5','Madre'),
('129','Alejandro','Cárdenas','Mateos','alejandro.cardenas@example.com','CAMA000209YJU','Padre'),
('130','Margarita','Contreras','Esquer','margarita.contreras@example.com','COEM7010199ZO','Madre'),
('133','Martha ','Puentes','Del Lago','martha.puentes@example.com','PUDM921223SXA','Madre'),
('134','Ernesto','Hidalgo','Esquivias','ernesto.hidalgo@example.com','HIEE880825DHC','Padre'),
('140','Domingo Jesús','Iglesias','Pascual','domingo.iglesias@example.com','IIPD880610OM7','Padre'),
('143','Gloria','Treviño','Perea','gloria.trevino@example.com','TEPG770423T7I','Madre'),
('144','Luis','García','Postigo','luis.garcia@example.com','GAPL660313J8Y','Padre'),
('145','Ana Karina','Rivas','Ocegueda','anakarina.rivas@example.com','RIOA680622VCP','Madre'),
('146','Melissa','Ramírez','Bastidas','melissa.ramirez@example.com','RABM810511KT3','Madre'),
('150','Adelina','Manzanarez','Figueroa','adelina.manzanarez@example.com','MAFA801010UUJ','Madre'),
('151','Hernán Jorge','Alfaro','Enríquez','hernan.alfaro@example.com','AAEH761208ZCR','Padre'),
('152','Diana','García','Romero','diana.garcia@example.com','GARD761219FGU','Madre'),
('155','Ivonne Ileana','Curiel','Mendoza','ivonne.curiel@example.com','CUMI931104FDG','Madre'),
('156','Rubén','Castro','Montes','ruben.castro@example.com','CAMR760317A53','Padre'),
('157','Bartolomeo','Contreras','Esquer','bartolomeo.contreras@example.com','COEB9905168HR','Padre'),
('158','Víctor Emmanuel','Rangel','Alfaro','victor.rangel@example.com','RAAV960702RPX','Padre'),
('159','Martha','Osuna','Castro','martha.osuna@example.com','OOCM780126BYA','Madre'),
('160','Marina','Salas','Mares','marina.salas@example.com','SAMM670801IUP','Madre'),
('162','Ana Karen','Ruvalcaba','De la Cerda','anakaren.ruvalcaba@example.com','RUDA871022N7S','Madre'),
('163','Rodrigo','Malacara','Buenrostro','rodrigo.malacara@example.com','MABR851216T3Q','Padre'),
('164','Charlyn','Correa','Cortez','charlyn.correa@example.com','COCC940228FJX','Madre'),
('170','Laura Edith','Nieto','Piceno','laura.nieto@example.com','NIPL7707310B5','Madre'),
('173','Ana Luisa','Gallardo','Molina','analuisa.gallardo@example.com','GAMA930719CYA','Madre'),
('175','Elisa','Valadez','Palomares','elisa.valadez@example.com','VAPE710726I7A','Madre'),
('177','Julia Edith','Esquer','Hernández','julia.esquer@example.com','EEHJ780730DDW','Madre'),
('178','Brianna','Salvatierra','Chagoya','brianna.salvatierra@example.com','SACB881123FKF','Madre'),
('179','Sheila','Montaño','Valenzuela','sheila.montano@example.com','MOVS9104174X5','Madre'),
('180','Fernando','Ortiz','Esquer','fernando.ortiz@example.com','OOEF711221BVO','Padre'),
('185','Guillermo','Franco','Núñez','guillermo.franco@example.com','FANG7409138Y1','Padre'),
('191','Pablo Alejo','Núñez','López','pablo.nunez@example.com','NULP690117D8U','Padre'),
('195','Miguel Ángel','Zepeda','Castillo','miguel.zepeda@example.com','ZECM880305RKZ','Padre'),
('197','Gabriel Omar','Bautista','Sánchez','gabrielomar.bautista@example.com','BASG8303120UX','Padre'),
('219','Marco Andrés','Green','Ríos','marco.green@example.com','GERM79080488B','Padre'),
('229','Rafael Armando','Lugo','Miramontes','rafael.lugo@example.com','LUMR9308155EX','Padre'),
('230','Claudia','Miramontes','Serrano','claudia.miramontes@example.com','MISC741216DCR','Madre'),
('232','Alberto','Jorge','Quintero','alberto.jorge@example.com','JOQA840405J0O','Padre'),
('263','Angélica','Ramírez','Casas','angelica.ramirez@example.com','RACA000218MK5','Madre'),
('265','José Antonio','Domínguez','Reza','jose.dominguez@example.com','DORJ821124RM8','Padre'),
('266','Leandro','Fernández','González','leandro.fernandez@example.com','FEGL711021N6F','Padre'),
('267','Lorena','Macías','Martínez','lorena.macias@example.com','MAML800312A2I','Madre'),
('268','Pánfilo','Ornelas','Real','panfilo.ornelas@example.com','OORP791012OTV','Padre'),
('269','Tatiana','Cuesta','De Santos','tatiana.cuesta@example.com','CUDT8410060CO','Madre'),
('270','Erika','Cornejo','Sastre','erika.cornejo@example.com','COSE940912NFF','Madre'),
('273','Michelle','Macías','Guerrero','michelle.macias@example.com','MAGM680716WL4','Madre')

INSERT INTO ciclos_escolares VALUES
('02122','2021-08-23','2022-06-17'),
('02223','2022-08-22','2023-06-16'),
('02324','2023-08-21','2024-06-14')

INSERT INTO niveles_educativos VALUES
('prees','Preescolar'),
('prima','Primaria'),
('secun','Secundaria')

INSERT INTO eventos_especiales VALUES
('21-1','Visita museo','2022-03-22','500'),
('21-2','Visita eco-parque','2022-05-20','350'),
('22-1','Visita parque diversiones','2023-06-20','1000'),
('23-1','Visita cine','2024-04-29','350')

INSERT INTO mantenimiento VALUES
('1','Mantenimiento general','1000'),
('2','Mantenimiento general','1100')

INSERT INTO papeleria VALUES
('PRE-1-21','Paq. papelería preescolar 1-2021','1',450.00,'prees'),
('PRE-2-21','Paq. papelería preescolar 2-2021','2',463.50,'prees'),
('PRE-3-21','Paq. papelería preescolar 3-2021','3',477.40,'prees'),
('PRI-1-21','Paq. papelería primaria 1-2021','1',6197.00,'prima'),
('PRI-2-21','Paq. papelería primaria 2-2021','2',6388.70,'prima'),
('PRI-3-21','Paq. papelería primaria 3-2021','3',6586.30,'prima'),
('PRI-4-21','Paq. papelería primaria 4-2021','4',6790.00,'prima'),
('PRI-5-21','Paq. papelería primaria 5-2021','5',7000.00,'prima'),
('PRI-6-21','Paq. papelería primaria 6-2021','6',7210.00,'prima'),
('SEC-1-21','Paq. papelería secundaría 1-2021','1',7800.00,'secun'),
('SEC-2-21','Paq. papelería secundaría 2-2021','2',8034.00,'secun'),
('SEC-3-21','Paq. papelería secundaría 3-2021','3',8275.00,'secun'),
('PRE-1-22','Paq. papelería preescolar 1-2022','1',472.50,'prees'),
('PRE-2-22','Paq. papelería preescolar 2-2022','2',486.70,'prees'),
('PRE-3-22','Paq. papelería preescolar 3-2022','3',501.30,'prees'),
('PRI-1-22','Paq. papelería primaria 1-2022','1',6506.90,'prima'),
('PRI-2-22','Paq. papelería primaria 2-2022','2',6708.10,'prima'),
('PRI-3-22','Paq. papelería primaria 3-2022','3',6915.60,'prima'),
('PRI-4-22','Paq. papelería primaria 4-2022','4',7129.50,'prima'),
('PRI-5-22','Paq. papelería primaria 5-2022','5',7350.00,'prima'),
('PRI-6-22','Paq. papelería primaria 6-2022','6',7570.50,'prima'),
('SEC-1-22','Paq. papelería secundaría 1-2022','1',8190.00,'secun'),
('SEC-2-22','Paq. papelería secundaría 2-2022','2',8435.70,'secun'),
('SEC-3-22','Paq. papelería secundaría 3-2022','3',8688.80,'secun'),
('PRE-1-23','Paq. papelería preescolar 1-2023','1',496.20,'prees'),
('PRE-2-23','Paq. papelería preescolar 2-2023','2',486.70,'prees'),
('PRE-3-23','Paq. papelería preescolar 3-2023','3',501.20,'prees'),
('PRI-1-23','Paq. papelería primaria 1-2023','1',6832.20,'prima'),
('PRI-2-23','Paq. papelería primaria 2-2023','2',7043.50,'prima'),
('PRI-3-23','Paq. papelería primaria 3-2023','3',7261.40,'prima'),
('PRI-4-23','Paq. papelería primaria 4-2023','4',7486.00,'prima'),
('PRI-5-23','Paq. papelería primaria 5-2023','5',7717.50,'prima'),
('PRI-6-23','Paq. papelería primaria 6-2023','6',7949.00,'prima'),
('SEC-1-23','Paq. papelería secundaría 1-2023','1',8599.50,'secun'),
('SEC-2-23','Paq. papelería secundaría 2-2023','2',8857.50,'secun'),
('SEC-3-23','Paq. papelería secundaría 3-2023','3',9123.20,'secun')

INSERT INTO inscripciones VALUES
('PRE-21','1600.00','prees'),
('PRI-21','7000.00','prima'),
('SEC-21','6240.00','secun'),
('PRE-22','1680.00','prees'),
('PRI-22','7350.00','prima'),
('SEC-22','6552.00','secun'),
('PRE-23','1760.00','prees'),
('PRI-23','7367.50','prima'),
('SEC-23','6879.60','secun')

INSERT INTO mensualidades VALUES
-- TBD

INSERT INTO tipos_uniforme VALUES
(1,'Normal'),
(2,'Deportivo')

INSERT INTO uniformes VALUES
('PRE-N1-CH-H','Paq. uniforme normal H','CH',290,1,'prees'),
('PRE-N1-CH-M','Paq. uniforme normal M','CH',290,1,'prees'),
('PRE-D1-CH-U','Paq. uniforme deportivo U','CH',450,2,'prees'),
('PRI-N1-CH-H','Paq. uniforme normal H','CH',4000,1,'prima'),
('PRI-N1-CH-M','Paq. uniforme normal M','CH',4000,1,'prima'),
('PRI-D1-CH-U','Paq. uniforme deportivo U','CH',4500,2,'prima'),
('PRI-N1-ME-H','Paq. uniforme normal H','M',4100,1,'prima'),
('PRI-N1-ME-M','Paq. uniforme normal M','M',4100,1,'prima'),
('PRI-D1-ME-U','Paq. uniforme deportivo U','M',4600,2,'prima'),
('SEC-N1-CH-H','Paq. uniforme normal H','CH',3900,1,'secun'),
('SEC-N1-CH-M','Paq. uniforme normal M','CH',3900,1,'secun'),
('SEC-D1-CH-U','Paq. uniforme deportivo U','CH',3900,2,'secun'),
('SEC-N1-ME-H','Paq. uniforme normal H','M',4017,1,'secun'),
('SEC-N1-ME-M','Paq. uniforme normal M','M',4017,1,'secun'),
('SEC-D1-ME-U','Paq. uniforme deportivo U','M',4017,2,'secun'),
('SEC-N1-GR-H','Paq. uniforme normal H','GR',4137.5,1,'secun'),
('SEC-N1-GR-M','Paq. uniforme normal M','GR',4137.5,1,'secun'),
('SEC-D1-GR-U','Paq. uniforme deportivo U','GR',4137.5,2,'secun')

INSERT INTO tutores_alumnos VALUES
(1,'00001'),
(2,'00002'),
(3,'00003'),
(5,'00005'),
(6,'00006'),
(7,'00007'),
(8,'00008'),
(9,'00009'),
(12,'00012'),
(28,'00025'),
(29,'00025'),
(30,'00026'),
(31,'00027'),
(32,'00028'),
(33,'00029'),
(36,'00032'),
(38,'00034'),
(40,'00036'),
(52,'00049'),
(18,'00050'),
(54,'00052'),
(55,'00053'),
(56,'00054'),
(57,'00055'),
(58,'00056'),
(59,'00057'),
(7,'00058'),
(60,'00059'),
(75,'00073'),
(78,'00076'),
(79,'00077'),
(80,'00078'),
(81,'00079'),
(82,'00079'),
(83,'00080'),
(84,'00081'),
(85,'00082'),
(13,'00083'),
(71,'00084'),
(44,'00099'),
(3,'00100'),
(70,'00101'),
(99,'00102'),
(100,'00103'),
(101,'00103'),
(102,'00104'),
(103,'00105'),
(105,'00107'),
(106,'00108'),
(120,'00121'),
(99,'00122'),
(122,'00124'),
(123,'00125'),
(124,'00126'),
(125,'00127'),
(126,'00127'),
(127,'00128'),
(128,'00129'),
(129,'00130'),
(130,'00131'),
(143,'00145'),
(144,'00146'),
(140,'00147'),
(145,'00148'),
(146,'00149'),
(134,'00151'),
(33,'00152'),
(23,'00153'),
(150,'00156'),
(158,'00169'),
(133,'00170'),
(159,'00171'),
(160,'00172'),
(162,'00174'),
(163,'00174'),
(6,'00175'),
(164,'00176'),
(118,'00177'),
(119,'00177'),
(144,'00179'),
(124,'00180'),
(173,'00193'),
(110,'00194'),
(92,'00195'),
(175,'00197'),
(90,'00199'),
(177,'00200'),
(130,'00201'),
(157,'00202'),
(178,'00203'),
(179,'00203'),
(180,'00204'),
(43,'00217'),
(191,'00218'),
(55,'00219'),
(185,'00222'),
(96,'00223'),
(195,'00225'),
(197,'00227'),
(178,'00228'),
(179,'00228'),
(229,'00289'),
(230,'00290'),
(152,'00291'),
(232,'00293'),
(219,'00294'),
(151,'00296'),
(170,'00297'),
(80,'00299'),
(6,'00300'),
(263,'00338'),
(273,'00339'),
(144,'00340'),
(265,'00341'),
(266,'00341'),
(267,'00342'),
(268,'00343'),
(36,'00344'),
(269,'00345'),
(30,'00346'),
(155,'00347'),
(156,'00347'),
(9,'00348'),
(270,'00349')

INSERT INTO grupos VALUES
(1,1,'A','prees','02122'),
(3,2,'A','prees','02122'),
(5,3,'A','prees','02122'),
(7,1,'A','prima','02122'),
(9,2,'A','prima','02122'),
(11,3,'A','prima','02122'),
(13,4,'A','prima','02122'),
(15,5,'A','prima','02122'),
(17,6,'A','prima','02122'),
(19,1,'A','secun','02122'),
(21,2,'A','secun','02122'),
(23,3,'A','secun','02122'),
(25,1,'A','prees','02223'),
(27,2,'A','prees','02223'),
(29,3,'A','prees','02223'),
(31,1,'A','prima','02223'),
(33,2,'A','prima','02223'),
(35,3,'A','prima','02223'),
(37,4,'A','prima','02223'),
(39,5,'A','prima','02223'),
(41,6,'A','prima','02223'),
(43,1,'A','secun','02223'),
(45,2,'A','secun','02223'),
(47,3,'A','secun','02223'),
(49,1,'A','prees','02324'),
(51,2,'A','prees','02324'),
(53,3,'A','prees','02324'),
(55,1,'A','prima','02324'),
(57,2,'A','prima','02324'),
(59,3,'A','prima','02324'),
(61,4,'A','prima','02324'),
(63,5,'A','prima','02324'),
(65,6,'A','prima','02324'),
(67,1,'A','secun','02324'),
(69,2,'A','secun','02324'),
(71,3,'A','secun','02324')

INSERT INTO grupos_alumnos VALUES
(53,'00001'),
(27,'00001'),
(1,'00001'),
(53,'00002'),
(27,'00002'),
(1,'00002'),
(53,'00003'),
(27,'00003'),
(1,'00003'),
(53,'00005'),
(27,'00005'),
(1,'00005'),
(53,'00006'),
(27,'00006'),
(1,'00006'),
(53,'00007'),
(27,'00007'),
(1,'00007'),
(53,'00008'),
(27,'00008'),
(1,'00008'),
(53,'00009'),
(27,'00009'),
(1,'00009'),
(53,'00012'),
(27,'00012'),
(1,'00012'),
(55,'00025'),
(3,'00025'),
(29,'00025'),
(55,'00026'),
(3,'00026'),
(29,'00026'),
(55,'00027'),
(3,'00027'),
(29,'00027'),
(55,'00028'),
(3,'00028'),
(29,'00028'),
(55,'00029'),
(3,'00029'),
(29,'00029'),
(55,'00032'),
(3,'00032'),
(29,'00032'),
(55,'00034'),
(3,'00034'),
(29,'00034'),
(55,'00036'),
(3,'00036'),
(29,'00036'),
(57,'00049'),
(5,'00049'),
(31,'00049'),
(57,'00050'),
(5,'00050'),
(31,'00050'),
(57,'00052'),
(5,'00052'),
(31,'00052'),
(57,'00053'),
(5,'00053'),
(31,'00053'),
(57,'00054'),
(5,'00054'),
(31,'00054'),
(57,'00055'),
(5,'00055'),
(31,'00055'),
(57,'00056'),
(5,'00056'),
(31,'00056'),
(57,'00057'),
(5,'00057'),
(31,'00057'),
(57,'00058'),
(5,'00058'),
(31,'00058'),
(57,'00059'),
(5,'00059'),
(31,'00059'),
(7,'00073'),
(59,'00073'),
(33,'00073'),
(7,'00076'),
(59,'00076'),
(33,'00076'),
(7,'00077'),
(59,'00077'),
(33,'00077'),
(7,'00078'),
(59,'00078'),
(33,'00078'),
(7,'00079'),
(59,'00079'),
(33,'00079'),
(7,'00080'),
(59,'00080'),
(33,'00080'),
(7,'00081'),
(59,'00081'),
(33,'00081'),
(7,'00082'),
(59,'00082'),
(33,'00082'),
(7,'00083'),
(59,'00083'),
(33,'00083'),
(7,'00084'),
(59,'00084'),
(33,'00084'),
(9,'00099'),
(61,'00099'),
(35,'00099'),
(9,'00100'),
(61,'00100'),
(35,'00100'),
(9,'00101'),
(61,'00101'),
(35,'00101'),
(9,'00102'),
(61,'00102'),
(35,'00102'),
(9,'00103'),
(61,'00103'),
(35,'00103'),
(9,'00104'),
(61,'00104'),
(35,'00104'),
(9,'00105'),
(61,'00105'),
(35,'00105'),
(9,'00107'),
(61,'00107'),
(35,'00107'),
(9,'00108'),
(61,'00108'),
(35,'00108'),
(63,'00121'),
(37,'00121'),
(11,'00121'),
(63,'00122'),
(37,'00122'),
(11,'00122'),
(63,'00124'),
(37,'00124'),
(11,'00124'),
(63,'00125'),
(37,'00125'),
(11,'00125'),
(63,'00126'),
(37,'00126'),
(11,'00126'),
(63,'00127'),
(37,'00127'),
(11,'00127'),
(63,'00128'),
(37,'00128'),
(11,'00128'),
(63,'00129'),
(37,'00129'),
(11,'00129'),
(63,'00130'),
(37,'00130'),
(11,'00130'),
(63,'00131'),
(37,'00131'),
(11,'00131'),
(65,'00145'),
(39,'00145'),
(13,'00145'),
(65,'00146'),
(39,'00146'),
(13,'00146'),
(65,'00147'),
(39,'00147'),
(13,'00147'),
(65,'00148'),
(39,'00148'),
(13,'00148'),
(65,'00149'),
(39,'00149'),
(13,'00149'),
(65,'00151'),
(39,'00151'),
(13,'00151'),
(65,'00152'),
(39,'00152'),
(13,'00152'),
(65,'00153'),
(39,'00153'),
(13,'00153'),
(65,'00156'),
(39,'00156'),
(13,'00156'),
(67,'00169'),
(41,'00169'),
(15,'00169'),
(67,'00170'),
(41,'00170'),
(15,'00170'),
(67,'00171'),
(41,'00171'),
(15,'00171'),
(67,'00172'),
(41,'00172'),
(15,'00172'),
(67,'00174'),
(41,'00174'),
(15,'00174'),
(67,'00175'),
(41,'00175'),
(15,'00175'),
(67,'00176'),
(41,'00176'),
(15,'00176'),
(67,'00177'),
(41,'00177'),
(15,'00177'),
(67,'00179'),
(41,'00179'),
(15,'00179'),
(67,'00180'),
(41,'00180'),
(15,'00180'),
(69,'00193'),
(43,'00193'),
(17,'00193'),
(69,'00194'),
(43,'00194'),
(17,'00194'),
(69,'00195'),
(43,'00195'),
(17,'00195'),
(69,'00197'),
(43,'00197'),
(17,'00197'),
(69,'00199'),
(43,'00199'),
(17,'00199'),
(69,'00200'),
(43,'00200'),
(17,'00200'),
(69,'00201'),
(43,'00201'),
(17,'00201'),
(69,'00202'),
(43,'00202'),
(17,'00202'),
(69,'00203'),
(43,'00203'),
(17,'00203'),
(69,'00204'),
(43,'00204'),
(17,'00204'),
(71,'00217'),
(45,'00217'),
(19,'00217'),
(71,'00218'),
(45,'00218'),
(19,'00218'),
(71,'00219'),
(45,'00219'),
(19,'00219'),
(71,'00222'),
(45,'00222'),
(19,'00222'),
(71,'00223'),
(45,'00223'),
(19,'00223'),
(71,'00225'),
(45,'00225'),
(19,'00225'),
(71,'00227'),
(45,'00227'),
(19,'00227'),
(71,'00228'),
(45,'00228'),
(19,'00228'),
(51,'00289'),
(25,'00289'),
(51,'00290'),
(25,'00290'),
(51,'00291'),
(25,'00291'),
(51,'00293'),
(25,'00293'),
(51,'00294'),
(25,'00294'),
(51,'00296'),
(25,'00296'),
(51,'00297'),
(25,'00297'),
(51,'00299'),
(25,'00299'),
(51,'00300'),
(25,'00300'),
(49,'00338'),
(49,'00339'),
(49,'00340'),
(49,'00341'),
(49,'00342'),
(49,'00343'),
(49,'00344'),
(49,'00345'),
(49,'00346'),
(49,'00347'),
(49,'00348'),
(49,'00349')

INSERT INTO tutor_telefonos VALUES
(1,'(686) 054 6366',1),
(2,'(663) 441 0308',2),
(3,'(619) 966 9703',2),
(4,'(665) 960 4611',3),
(5,'(686) 372 3812',3),
(6,'(664) 797 9552',5),
(7,'(619) 729 8841',6),
(8,'(663) 054 6248',6),
(9,'(619) 802 4538',7),
(10,'(619) 417 6644',7),
(11,'(664) 964 3969',8),
(12,'(663) 646 5791',8),
(13,'(619) 193 9858',9),
(14,'(663) 662 5794',9),
(15,'(663) 960 8545',12),
(16,'(619) 108 6449',13),
(17,'(686) 789 5873',18),
(18,'(664) 697 7573',23),
(19,'(686) 576 1236',28),
(20,'(665) 661 0320',28),
(21,'(619) 919 3831',29),
(22,'(663) 645 3964',29),
(23,'(665) 382 6927',30),
(24,'(664) 069 8940',30),
(25,'(663) 267 4937',31),
(26,'(664) 425 0458',31),
(27,'(663) 184 4864',32),
(28,'(619) 599 2469',32),
(29,'(664) 333 3841',33),
(30,'(619) 040 4980',33),
(31,'(686) 288 4511',36),
(32,'(664) 060 6430',38),
(33,'(664) 567 7035',38),
(34,'(664) 611 0603',40),
(35,'(665) 834 2549',40),
(36,'(663) 345 0774',43),
(37,'(686) 483 7114',43),
(38,'(664) 571 0784',44),
(39,'(665) 455 0727',44),
(40,'(619) 546 4058',52),
(41,'(664) 709 7868',54),
(42,'(665) 775 4296',54),
(43,'(665) 857 1618',55),
(44,'(665) 503 5595',55),
(45,'(619) 886 2439',56),
(46,'(664) 692 5515',56),
(47,'(663) 950 8457',57),
(48,'(664) 587 6608',58),
(49,'(663) 512 9694',58),
(50,'(663) 802 3281',59),
(51,'(665) 713 8184',59),
(52,'(619) 927 4945',60),
(53,'(664) 785 9510',60),
(54,'(664) 984 4905',70),
(55,'(664) 275 6946',70),
(56,'(663) 042 6348',71),
(57,'(664) 809 1604',71),
(58,'(686) 900 5820',75),
(59,'(686) 280 8343',75),
(60,'(686) 096 0306',78),
(61,'(664) 646 8875',79),
(62,'(664) 433 6617',80),
(63,'(686) 697 7472',80),
(64,'(664) 074 3423',81),
(65,'(663) 051 7600',82),
(66,'(686) 677 8485',83),
(67,'(686) 358 0161',84),
(68,'(664) 071 0651',84),
(69,'(663) 313 6835',85),
(70,'(664) 965 0343',90),
(71,'(619) 532 9083',92),
(72,'(686) 290 4188',96),
(73,'(619) 178 0942',99),
(74,'(686) 266 5976',99),
(75,'(686) 413 7277',100),
(76,'(665) 445 2063',100),
(77,'(686) 011 9767',101),
(78,'(686) 596 2722',101),
(79,'(663) 708 1944',102),
(80,'(664) 272 3987',103),
(81,'(664) 285 9874',105),
(82,'(665) 258 0445',105),
(83,'(619) 894 1483',106),
(84,'(665) 566 3852',110),
(85,'(663) 320 2020',110),
(86,'(663) 675 6591',118),
(87,'(619) 929 6913',118),
(88,'(619) 033 6538',119),
(89,'(664) 040 2049',120),
(90,'(664) 718 3721',122),
(91,'(663) 747 5184',123),
(92,'(663) 917 3436',123),
(93,'(663) 748 7405',124),
(94,'(663) 750 4132',124),
(95,'(664) 269 6217',125),
(96,'(686) 907 5068',126),
(97,'(686) 935 4530',127),
(98,'(664) 170 5944',127),
(99,'(619) 440 3322',128),
(100,'(665) 821 0369',128),
(101,'(665) 517 9787',129),
(102,'(663) 438 8328',129),
(103,'(664) 574 8383',130),
(104,'(664) 219 2010',130),
(105,'(665) 269 7960',133),
(106,'(663) 485 7998',133),
(107,'(619) 327 8635',134),
(108,'(665) 588 0643',140),
(109,'(619) 706 4525',140),
(110,'(619) 657 3338',143),
(111,'(686) 322 7874',143),
(112,'(665) 408 6293',144),
(113,'(663) 964 6509',145),
(114,'(665) 630 9348',145),
(115,'(664) 221 8831',146),
(116,'(686) 611 2734',146),
(117,'(664) 566 7248',150),
(118,'(665) 431 0760',151),
(119,'(619) 932 0367',151),
(120,'(665) 108 3584',152),
(121,'(664) 257 6586',152),
(122,'(664) 708 1399',155),
(123,'(619) 768 7391',155),
(124,'(686) 124 1670',156),
(125,'(686) 352 6567',156),
(126,'(686) 714 9346',157),
(127,'(664) 822 7746',157),
(128,'(664) 348 9693',158),
(129,'(686) 841 8491',159),
(130,'(619) 371 3279',159),
(131,'(665) 981 5775',160),
(132,'(619) 582 8700',162),
(133,'(663) 389 1795',163),
(134,'(663) 801 0173',164),
(135,'(686) 742 8720',170),
(136,'(686) 889 0273',170),
(137,'(686) 495 7470',173),
(138,'(664) 505 2031',173),
(139,'(686) 577 7388',175),
(140,'(664) 899 5934',175),
(141,'(664) 893 5913',177),
(142,'(686) 758 3047',178),
(143,'(663) 517 8428',179),
(144,'(686) 620 0438',180),
(145,'(686) 073 5482',185),
(146,'(686) 917 8175',191),
(147,'(686) 669 2946',191),
(148,'(665) 247 8091',195),
(149,'(664) 328 9123',197),
(150,'(665) 368 4794',197),
(151,'(686) 949 2766',219),
(152,'(663) 621 7238',219),
(153,'(686) 811 7391',229),
(154,'(665) 926 1338',230),
(155,'(686) 681 6686',230),
(156,'(686) 908 0821',232),
(157,'(619) 355 9545',263),
(158,'(619) 345 6677',265),
(159,'(619) 993 0731',266),
(160,'(619) 493 4188',267),
(161,'(686) 346 2928',268),
(162,'(664) 500 0866',268),
(163,'(664) 284 4796',269),
(164,'(664) 856 7555',269),
(165,'(686) 636 2054',270),
(166,'(665) 276 4338',270),
(167,'(665) 566 9816',273),
(168,'(665) 814 3026',273)
